SiO2,Al2O3,Fe2O3,CaO,MgO,Na2O,K2O,TiO2,MnO,P2O5,SO3,T,log n
0.8115,0.0967,0.011,0.0194,0,0.201,0.0332,0.0075,0.0007,0,0,1873,2.76
0.8115,0.0967,0.011,0.0194,0,0.201,0.0332,0.0075,0.0007,0,0,1833,2.92
0.8115,0.0967,0.011,0.0194,0,0.201,0.0332,0.0075,0.0007,0,0,1793,3.1
0.8115,0.0967,0.011,0.0194,0,0.201,0.0332,0.0075,0.0007,0,0,1753,3.37
0.8115,0.0967,0.011,0.0194,0,0.201,0.0332,0.0075,0.0007,0,0,1713,3.59
0.8115,0.0967,0.011,0.0194,0,0.201,0.0332,0.0075,0.0007,0,0,1673,3.85
0.7942,0.1055,0.0213,0.0112,0.026,0.0209,0.0207,0.0001,0.0001,0,0,1873,2.4
0.7942,0.1055,0.0213,0.0112,0.026,0.0209,0.0207,0.0001,0.0001,0,0,1823,2.65
0.7942,0.1055,0.0213,0.0112,0.026,0.0209,0.0207,0.0001,0.0001,0,0,1773,2.92
0.7942,0.1055,0.0213,0.0112,0.026,0.0209,0.0207,0.0001,0.0001,0,0,1723,3.22
0.7942,0.1055,0.0213,0.0112,0.026,0.0209,0.0207,0.0001,0.0001,0,0,1623,3.87
0.7942,0.1055,0.0213,0.0112,0.026,0.0209,0.0207,0.0001,0.0001,0,0,1573,4.19
0.7942,0.1055,0.0213,0.0112,0.026,0.0209,0.0207,0.0001,0.0001,0,0,1673,3.52
0.7873,0.1136,0.0128,0.0204,0,0.0225,0.0349,0.0078,0.0006,0,0,1873,2.59
0.7873,0.1136,0.0128,0.0204,0,0.0225,0.0349,0.0078,0.0006,0,0,1833,2.73
0.7873,0.1136,0.0128,0.0204,0,0.0225,0.0349,0.0078,0.0006,0,0,1793,2.95
0.7873,0.1136,0.0128,0.0204,0,0.0225,0.0349,0.0078,0.0006,0,0,1753,3.18
0.7873,0.1136,0.0128,0.0204,0,0.0225,0.0349,0.0078,0.0006,0,0,1713,3.44
0.7873,0.1136,0.0128,0.0204,0,0.0225,0.0349,0.0078,0.0006,0,0,1673,3.71
0.7873,0.1136,0.0128,0.0204,0,0.0225,0.0349,0.0078,0.0006,0,0,1633,4.1
0.7844,0.109,0.0134,0.0309,0.0131,0.033,0.0136,0.002,0.0006,0,0,1873,2.48
0.7844,0.109,0.0134,0.0309,0.0131,0.033,0.0136,0.002,0.0006,0,0,1823,2.73
0.7844,0.109,0.0134,0.0309,0.0131,0.033,0.0136,0.002,0.0006,0,0,1773,3
0.7844,0.109,0.0134,0.0309,0.0131,0.033,0.0136,0.002,0.0006,0,0,1723,3.28
0.7844,0.109,0.0134,0.0309,0.0131,0.033,0.0136,0.002,0.0006,0,0,1673,3.61
0.7844,0.109,0.0134,0.0309,0.0131,0.033,0.0136,0.002,0.0006,0,0,1623,3.92
0.7769,0.1285,0.0123,0.02,0,0.0205,0.0336,0.0077,0.0006,0,0,1873,2.34
0.7769,0.1285,0.0123,0.02,0,0.0205,0.0336,0.0077,0.0006,0,0,1853,2.42
0.7769,0.1285,0.0123,0.02,0,0.0205,0.0336,0.0077,0.0006,0,0,1833,2.55
0.7769,0.1285,0.0123,0.02,0,0.0205,0.0336,0.0077,0.0006,0,0,1813,2.64
0.7769,0.1285,0.0123,0.02,0,0.0205,0.0336,0.0077,0.0006,0,0,1793,2.75
0.7769,0.1285,0.0123,0.02,0,0.0205,0.0336,0.0077,0.0006,0,0,1773,2.85
0.7769,0.1285,0.0123,0.02,0,0.0205,0.0336,0.0077,0.0006,0,0,1753,3
0.7769,0.1285,0.0123,0.02,0,0.0205,0.0336,0.0077,0.0006,0,0,1733,3.11
0.7769,0.1285,0.0123,0.02,0,0.0205,0.0336,0.0077,0.0006,0,0,1713,3.26
0.7769,0.1285,0.0123,0.02,0,0.0205,0.0336,0.0077,0.0006,0,0,1693,3.42
0.7769,0.1285,0.0123,0.02,0,0.0205,0.0336,0.0077,0.0006,0,0,1673,3.55
0.7769,0.1285,0.0123,0.02,0,0.0205,0.0336,0.0077,0.0006,0,0,1653,3.68
0.7635,0.1427,0.0123,0.0199,0.0002,0.0202,0.0331,0.0075,0.0006,0,0,1873,2.22
0.7635,0.1427,0.0123,0.0199,0.0002,0.0202,0.0331,0.0075,0.0006,0,0,1853,2.31
0.7635,0.1427,0.0123,0.0199,0.0002,0.0202,0.0331,0.0075,0.0006,0,0,1833,2.42
0.7635,0.1427,0.0123,0.0199,0.0002,0.0202,0.0331,0.0075,0.0006,0,0,1813,2.57
0.7635,0.1427,0.0123,0.0199,0.0002,0.0202,0.0331,0.0075,0.0006,0,0,1793,3
0.7635,0.1427,0.0123,0.0199,0.0002,0.0202,0.0331,0.0075,0.0006,0,0,1753,3.19
0.755,0.1434,0.0132,0.0319,0.0122,0.0311,0.013,0.0001,0.0001,0,0,1873,2.09
0.755,0.1434,0.0132,0.0319,0.0122,0.0311,0.013,0.0001,0.0001,0,0,1823,2.33
0.755,0.1434,0.0132,0.0319,0.0122,0.0311,0.013,0.0001,0.0001,0,0,1773,2.6
0.755,0.1434,0.0132,0.0319,0.0122,0.0311,0.013,0.0001,0.0001,0,0,1723,2.88
0.755,0.1343,0.0204,0.0441,0.0121,0.015,0.0157,0.0033,0.0001,0,0,1873,1.86
0.755,0.1343,0.0204,0.0441,0.0121,0.015,0.0157,0.0033,0.0001,0,0,1823,2.09
0.755,0.1343,0.0204,0.0441,0.0121,0.015,0.0157,0.0033,0.0001,0,0,1773,2.35
0.755,0.1343,0.0204,0.0441,0.0121,0.015,0.0157,0.0033,0.0001,0,0,1723,2.64
0.755,0.1343,0.0204,0.0441,0.0121,0.015,0.0157,0.0033,0.0001,0,0,1723,2.67
0.755,0.1343,0.0204,0.0441,0.0121,0.015,0.0157,0.0033,0.0001,0,0,1673,2.9
0.755,0.1343,0.0204,0.0441,0.0121,0.015,0.0157,0.0033,0.0001,0,0,1623,3.29
0.755,0.1343,0.0204,0.0441,0.0121,0.015,0.0157,0.0033,0.0001,0,0,1573,3.77
0.6725,0.172,0.0462,0.0615,0.0174,0.0014,0.0042,0.0178,0.0003,0.0046,0.001,1773,1.82
0.6725,0.172,0.0462,0.0615,0.0174,0.0014,0.0042,0.0178,0.0003,0.0046,0.001,1673,2.326
0.6216,0.0541,0.0021,0.3093,0.0038,0.0005,0.0017,0.003,0,0.0002,0.0036,1773,0.544
0.6216,0.0541,0.0021,0.3093,0.0038,0.0005,0.0017,0.003,0,0.0002,0.0036,1673,0.982
0.6027,0.1687,0.0426,0.1372,0.02,0.0001,0.006,0.0151,0.0003,0.0042,0.0018,1773,0.845
0.6027,0.1687,0.0426,0.1372,0.02,0.0001,0.006,0.0151,0.0003,0.0042,0.0018,1673,1.346
0.5635,0.0576,0.0022,0.3634,0.0038,0.0005,0.0018,0.0027,0,0.0002,0.0042,1773,0.322
0.5635,0.0576,0.0022,0.3634,0.0038,0.0005,0.0018,0.0027,0,0.0002,0.0042,1673,0.69
0.5596,0.1601,0.0389,0.1954,0.0183,0.0014,0.0055,0.0141,0.0002,0.004,0.0023,1773,0.556
0.5596,0.1601,0.0389,0.1954,0.0183,0.0014,0.0055,0.0141,0.0002,0.004,0.0023,1673,1.021
0.5437,0.2148,0.0081,0.1778,0.0127,0.0118,0.002,0.0158,0,0.0004,0.0129,1773,0.924
0.5437,0.2148,0.0081,0.1778,0.0127,0.0118,0.002,0.0158,0,0.0004,0.0129,1673,1.508
0.4738,0.1895,0.0083,0.2866,0.0144,0.0096,0.0018,0.0133,0.0001,0.0004,0.0022,1773,0.398
0.4738,0.1895,0.0083,0.2866,0.0144,0.0096,0.0018,0.0133,0.0001,0.0004,0.0022,1673,0.863
0.4179,0.1683,0.007,0.3676,0.0139,0.0086,0.0015,0.0119,0.0001,0.0003,0.0029,1773,0.079
0.4179,0.1683,0.007,0.3676,0.0139,0.0086,0.0015,0.0119,0.0001,0.0003,0.0029,1673,0.763
0.3693,0.1504,0.0061,0.4365,0.0137,0.0079,0.0013,0.0109,0.0001,0.0003,0.0036,1773,0.079
0.3693,0.1504,0.0061,0.4365,0.0137,0.0079,0.0013,0.0109,0.0001,0.0003,0.0036,1673,0.505
0.7663,0.1118,0.0211,0.0398,0.0256,0.0091,0.011,0.0097,0,0,0.0055,1876,1.276
0.7663,0.1118,0.0211,0.0398,0.0256,0.0091,0.011,0.0097,0,0,0.0055,1833,1.377
0.7663,0.1118,0.0211,0.0398,0.0256,0.0091,0.011,0.0097,0,0,0.0055,1785,1.595
0.7663,0.1118,0.0211,0.0398,0.0256,0.0091,0.011,0.0097,0,0,0.0055,1740,1.827
0.7663,0.1118,0.0211,0.0398,0.0256,0.0091,0.011,0.0097,0,0,0.0055,1690,2.157
0.7663,0.1118,0.0211,0.0398,0.0256,0.0091,0.011,0.0097,0,0,0.0055,1644,2.419
0.7663,0.1118,0.0211,0.0398,0.0256,0.0091,0.011,0.0097,0,0,0.0055,1589,2.793
0.7621,0.0962,0.0249,0.0556,0.0342,0.0049,0.005,0.0153,0,0,0.0018,1777,0.955
0.7621,0.0962,0.0249,0.0556,0.0342,0.0049,0.005,0.0153,0,0,0.0018,1729,1.265
0.7621,0.0962,0.0249,0.0556,0.0342,0.0049,0.005,0.0153,0,0,0.0018,1679,1.52
0.7621,0.0962,0.0249,0.0556,0.0342,0.0049,0.005,0.0153,0,0,0.0018,1633,1.8
0.7621,0.0962,0.0249,0.0556,0.0342,0.0049,0.005,0.0153,0,0,0.0018,1582,2.11
0.7621,0.0962,0.0249,0.0556,0.0342,0.0049,0.005,0.0153,0,0,0.0018,1536,2.417
0.7621,0.0962,0.0249,0.0556,0.0342,0.0049,0.005,0.0153,0,0,0.0018,1485,2.88
0.7173,0.1257,0.0126,0.0822,0.0293,0.0087,0.0074,0.0154,0,0,0.0014,1782,1.038
0.7173,0.1257,0.0126,0.0822,0.0293,0.0087,0.0074,0.0154,0,0,0.0014,1731,1.319
0.7173,0.1257,0.0126,0.0822,0.0293,0.0087,0.0074,0.0154,0,0,0.0014,1686,1.571
0.7173,0.1257,0.0126,0.0822,0.0293,0.0087,0.0074,0.0154,0,0,0.0014,1631,1.91
0.7173,0.1257,0.0126,0.0822,0.0293,0.0087,0.0074,0.0154,0,0,0.0014,1588,2.223
0.7173,0.1257,0.0126,0.0822,0.0293,0.0087,0.0074,0.0154,0,0,0.0014,1542,2.594
0.6977,0.1349,0.0518,0.0515,0.0363,0.0055,0.0118,0.0088,0,0,0.0018,1880,0.141
0.6977,0.1349,0.0518,0.0515,0.0363,0.0055,0.0118,0.0088,0,0,0.0018,1786,0.333
0.6977,0.1349,0.0518,0.0515,0.0363,0.0055,0.0118,0.0088,0,0,0.0018,1730,0.506
0.6977,0.1349,0.0518,0.0515,0.0363,0.0055,0.0118,0.0088,0,0,0.0018,1685,0.635
0.6977,0.1349,0.0518,0.0515,0.0363,0.0055,0.0118,0.0088,0,0,0.0018,1635,0.801
0.6977,0.1349,0.0518,0.0515,0.0363,0.0055,0.0118,0.0088,0,0,0.0018,1590,1.037
0.6977,0.1349,0.0518,0.0515,0.0363,0.0055,0.0118,0.0088,0,0,0.0018,1488,1.679
0.6977,0.1349,0.0518,0.0515,0.0363,0.0055,0.0118,0.0088,0,0,0.0018,1443,2.51
0.6829,0.1207,0.0301,0.0925,0.0476,0.0068,0.0083,0.0092,0,0,0.0019,1760,0.613
0.6829,0.1207,0.0301,0.0925,0.0476,0.0068,0.0083,0.0092,0,0,0.0019,1725,0.895
0.6829,0.1207,0.0301,0.0925,0.0476,0.0068,0.0083,0.0092,0,0,0.0019,1678,0.973
0.6829,0.1207,0.0301,0.0925,0.0476,0.0068,0.0083,0.0092,0,0,0.0019,1622,1.259
0.6829,0.1207,0.0301,0.0925,0.0476,0.0068,0.0083,0.0092,0,0,0.0019,1578,1.497
0.6829,0.1207,0.0301,0.0925,0.0476,0.0068,0.0083,0.0092,0,0,0.0019,1535,1.772
0.6829,0.1207,0.0301,0.0925,0.0476,0.0068,0.0083,0.0092,0,0,0.0019,1480,2.207
0.6829,0.1207,0.0301,0.0925,0.0476,0.0068,0.0083,0.0092,0,0,0.0019,1433,2.668
0.7689,0.1303,0.0152,0.0499,0.0186,0.01,0.0021,0.0038,0,0.0011,0,1950,0.185
0.7689,0.1303,0.0152,0.0499,0.0186,0.01,0.0021,0.0038,0,0.0011,0,1927,0.287
0.7689,0.1303,0.0152,0.0499,0.0186,0.01,0.0021,0.0038,0,0.0011,0,1894,0.407
0.7689,0.1303,0.0152,0.0499,0.0186,0.01,0.0021,0.0038,0,0.0011,0,1882,0.479
0.7689,0.1303,0.0152,0.0499,0.0186,0.01,0.0021,0.0038,0,0.0011,0,1846,0.585
0.7689,0.1303,0.0152,0.0499,0.0186,0.01,0.0021,0.0038,0,0.0011,0,1824,0.676
0.7689,0.1303,0.0152,0.0499,0.0186,0.01,0.0021,0.0038,0,0.0011,0,1816,0.746
0.7689,0.1303,0.0152,0.0499,0.0186,0.01,0.0021,0.0038,0,0.0011,0,1798,0.853
0.7689,0.1303,0.0152,0.0499,0.0186,0.01,0.0021,0.0038,0,0.0011,0,1777,0.916
0.7689,0.1303,0.0152,0.0499,0.0186,0.01,0.0021,0.0038,0,0.0011,0,1758,1.014
0.7689,0.1303,0.0152,0.0499,0.0186,0.01,0.0021,0.0038,0,0.0011,0,1741,1.113
0.7689,0.1303,0.0152,0.0499,0.0186,0.01,0.0021,0.0038,0,0.0011,0,1731,1.196
0.7689,0.1303,0.0152,0.0499,0.0186,0.01,0.0021,0.0038,0,0.0011,0,1701,1.338
0.7689,0.1303,0.0152,0.0499,0.0186,0.01,0.0021,0.0038,0,0.0011,0,1684,1.423
0.7689,0.1303,0.0152,0.0499,0.0186,0.01,0.0021,0.0038,0,0.0011,0,1664,1.567
0.7689,0.1303,0.0152,0.0499,0.0186,0.01,0.0021,0.0038,0,0.0011,0,1651,1.641
0.7689,0.1303,0.0152,0.0499,0.0186,0.01,0.0021,0.0038,0,0.0011,0,1623,1.832
0.7676,0.1244,0.0391,0.025,0.0189,0.0062,0.0043,0.0107,0,0.0039,0,2014,0.402
0.7676,0.1244,0.0391,0.025,0.0189,0.0062,0.0043,0.0107,0,0.0039,0,1938,0.473
0.7676,0.1244,0.0391,0.025,0.0189,0.0062,0.0043,0.0107,0,0.0039,0,1917,0.565
0.7676,0.1244,0.0391,0.025,0.0189,0.0062,0.0043,0.0107,0,0.0039,0,1894,0.623
0.7676,0.1244,0.0391,0.025,0.0189,0.0062,0.0043,0.0107,0,0.0039,0,1868,0.729
0.7676,0.1244,0.0391,0.025,0.0189,0.0062,0.0043,0.0107,0,0.0039,0,1852,0.814
0.7676,0.1244,0.0391,0.025,0.0189,0.0062,0.0043,0.0107,0,0.0039,0,1820,0.934
0.7676,0.1244,0.0391,0.025,0.0189,0.0062,0.0043,0.0107,0,0.0039,0,1799,1.03
0.7676,0.1244,0.0391,0.025,0.0189,0.0062,0.0043,0.0107,0,0.0039,0,1761,1.209
0.7676,0.1244,0.0391,0.025,0.0189,0.0062,0.0043,0.0107,0,0.0039,0,1743,1.331
0.7676,0.1244,0.0391,0.025,0.0189,0.0062,0.0043,0.0107,0,0.0039,0,1707,1.517
0.7676,0.1244,0.0391,0.025,0.0189,0.0062,0.0043,0.0107,0,0.0039,0,1682,1.634
0.7676,0.1244,0.0391,0.025,0.0189,0.0062,0.0043,0.0107,0,0.0039,0,1631,1.874
0.7653,0.1476,0.0167,0.0313,0.0152,0.0138,0.0024,0.006,0,0.0016,0,1949,0.793
0.7653,0.1476,0.0167,0.0313,0.0152,0.0138,0.0024,0.006,0,0.0016,0,1931,0.808
0.7653,0.1476,0.0167,0.0313,0.0152,0.0138,0.0024,0.006,0,0.0016,0,1917,0.891
0.7653,0.1476,0.0167,0.0313,0.0152,0.0138,0.0024,0.006,0,0.0016,0,1884,0.988
0.7653,0.1476,0.0167,0.0313,0.0152,0.0138,0.0024,0.006,0,0.0016,0,1862,1.087
0.7653,0.1476,0.0167,0.0313,0.0152,0.0138,0.0024,0.006,0,0.0016,0,1852,1.123
0.7653,0.1476,0.0167,0.0313,0.0152,0.0138,0.0024,0.006,0,0.0016,0,1792,1.449
0.7653,0.1476,0.0167,0.0313,0.0152,0.0138,0.0024,0.006,0,0.0016,0,1761,1.551
0.7653,0.1476,0.0167,0.0313,0.0152,0.0138,0.0024,0.006,0,0.0016,0,1733,1.686
0.7653,0.1476,0.0167,0.0313,0.0152,0.0138,0.0024,0.006,0,0.0016,0,1685,1.758
0.7629,0.1352,0.0148,0.0503,0.0197,0.0095,0.0022,0.004,0,0.0013,0,1977,0.761
0.7629,0.1352,0.0148,0.0503,0.0197,0.0095,0.0022,0.004,0,0.0013,0,1957,0.687
0.7629,0.1352,0.0148,0.0503,0.0197,0.0095,0.0022,0.004,0,0.0013,0,1943,0.595
0.7629,0.1352,0.0148,0.0503,0.0197,0.0095,0.0022,0.004,0,0.0013,0,1927,0.471
0.7629,0.1352,0.0148,0.0503,0.0197,0.0095,0.0022,0.004,0,0.0013,0,1909,0.366
0.7629,0.1352,0.0148,0.0503,0.0197,0.0095,0.0022,0.004,0,0.0013,0,1892,0.274
0.7629,0.1352,0.0148,0.0503,0.0197,0.0095,0.0022,0.004,0,0.0013,0,1866,0.203
0.7629,0.1352,0.0148,0.0503,0.0197,0.0095,0.0022,0.004,0,0.0013,0,1838,0.043
0.7629,0.1352,0.0148,0.0503,0.0197,0.0095,0.0022,0.004,0,0.0013,0,1813,0.194
0.7629,0.1352,0.0148,0.0503,0.0197,0.0095,0.0022,0.004,0,0.0013,0,1786,0.309
0.7629,0.1352,0.0148,0.0503,0.0197,0.0095,0.0022,0.004,0,0.0013,0,1745,0.529
0.7629,0.1352,0.0148,0.0503,0.0197,0.0095,0.0022,0.004,0,0.0013,0,1722,0.692
0.7629,0.1352,0.0148,0.0503,0.0197,0.0095,0.0022,0.004,0,0.0013,0,1711,0.823
0.7629,0.1352,0.0148,0.0503,0.0197,0.0095,0.0022,0.004,0,0.0013,0,1685,0.886
0.7629,0.1352,0.0148,0.0503,0.0197,0.0095,0.0022,0.004,0,0.0013,0,1667,0.984
0.7281,0.1874,0.0174,0.0289,0.0132,0.0081,0.0063,0.0104,0,0.0001,0,1960,0.562
0.7281,0.1874,0.0174,0.0289,0.0132,0.0081,0.0063,0.0104,0,0.0001,0,1934,0.574
0.7281,0.1874,0.0174,0.0289,0.0132,0.0081,0.0063,0.0104,0,0.0001,0,1911,0.65
0.7281,0.1874,0.0174,0.0289,0.0132,0.0081,0.0063,0.0104,0,0.0001,0,1893,0.717
0.7281,0.1874,0.0174,0.0289,0.0132,0.0081,0.0063,0.0104,0,0.0001,0,1871,0.787
0.7281,0.1874,0.0174,0.0289,0.0132,0.0081,0.0063,0.0104,0,0.0001,0,1850,0.872
0.7281,0.1874,0.0174,0.0289,0.0132,0.0081,0.0063,0.0104,0,0.0001,0,1823,0.981
0.7281,0.1874,0.0174,0.0289,0.0132,0.0081,0.0063,0.0104,0,0.0001,0,1805,1.085
0.7281,0.1874,0.0174,0.0289,0.0132,0.0081,0.0063,0.0104,0,0.0001,0,1767,1.315
0.7281,0.1874,0.0174,0.0289,0.0132,0.0081,0.0063,0.0104,0,0.0001,0,1728,1.483
0.7281,0.1874,0.0174,0.0289,0.0132,0.0081,0.0063,0.0104,0,0.0001,0,1690,1.73
0.7281,0.1874,0.0174,0.0289,0.0132,0.0081,0.0063,0.0104,0,0.0001,0,1674,1.876
0.7163,0.1335,0.0195,0.0658,0.0201,0.0281,0.0116,0.0027,0,0.0023,0,1993,0.384
0.7163,0.1335,0.0195,0.0658,0.0201,0.0281,0.0116,0.0027,0,0.0023,0,1973,0.352
0.7163,0.1335,0.0195,0.0658,0.0201,0.0281,0.0116,0.0027,0,0.0023,0,1953,0.265
0.7163,0.1335,0.0195,0.0658,0.0201,0.0281,0.0116,0.0027,0,0.0023,0,1951,0.204
0.7163,0.1335,0.0195,0.0658,0.0201,0.0281,0.0116,0.0027,0,0.0023,0,1915,0.135
0.7163,0.1335,0.0195,0.0658,0.0201,0.0281,0.0116,0.0027,0,0.0023,0,1895,0.057
0.7163,0.1335,0.0195,0.0658,0.0201,0.0281,0.0116,0.0027,0,0.0023,0,1871,0.041
0.7163,0.1335,0.0195,0.0658,0.0201,0.0281,0.0116,0.0027,0,0.0023,0,1860,0.109
0.7116,0.137,0.0216,0.074,0.021,0.0208,0.0081,0.0038,0,0.0021,0,1995,0.073
0.7116,0.137,0.0216,0.074,0.021,0.0208,0.0081,0.0038,0,0.0021,0,1972,0.02
0.7116,0.137,0.0216,0.074,0.021,0.0208,0.0081,0.0038,0,0.0021,0,1914,0.35
0.7116,0.137,0.0216,0.074,0.021,0.0208,0.0081,0.0038,0,0.0021,0,1873,0.465
0.7116,0.137,0.0216,0.074,0.021,0.0208,0.0081,0.0038,0,0.0021,0,1836,0.679
0.7116,0.137,0.0216,0.074,0.021,0.0208,0.0081,0.0038,0,0.0021,0,1796,0.928
0.7116,0.137,0.0216,0.074,0.021,0.0208,0.0081,0.0038,0,0.0021,0,1785,0.998
0.7116,0.137,0.0216,0.074,0.021,0.0208,0.0081,0.0038,0,0.0021,0,1758,1.125
0.7116,0.137,0.0216,0.074,0.021,0.0208,0.0081,0.0038,0,0.0021,0,1715,1.383
0.7116,0.137,0.0216,0.074,0.021,0.0208,0.0081,0.0038,0,0.0021,0,1684,1.568
0.7116,0.137,0.0216,0.074,0.021,0.0208,0.0081,0.0038,0,0.0021,0,1666,1.651
0.7116,0.137,0.0216,0.074,0.021,0.0208,0.0081,0.0038,0,0.0021,0,1648,1.76
0.7116,0.137,0.0216,0.074,0.021,0.0208,0.0081,0.0038,0,0.0021,0,1626,1.955
0.526,0.1681,0.0198,0.1736,0.0658,0.0284,0.0104,0.0058,0,0.0021,0,1859,0.787
0.526,0.1681,0.0198,0.1736,0.0658,0.0284,0.0104,0.0058,0,0.0021,0,1772,0.463
0.526,0.1681,0.0198,0.1736,0.0658,0.0284,0.0104,0.0058,0,0.0021,0,1752,0.349
0.526,0.1681,0.0198,0.1736,0.0658,0.0284,0.0104,0.0058,0,0.0021,0,1722,0.245
0.526,0.1681,0.0198,0.1736,0.0658,0.0284,0.0104,0.0058,0,0.0021,0,1676,0.03
0.526,0.1681,0.0198,0.1736,0.0658,0.0284,0.0104,0.0058,0,0.0021,0,1649,0.154
0.526,0.1681,0.0198,0.1736,0.0658,0.0284,0.0104,0.0058,0,0.0021,0,1624,0.261
0.526,0.1681,0.0198,0.1736,0.0658,0.0284,0.0104,0.0058,0,0.0021,0,1593,0.489
0.5137,0.1591,0.0265,0.1809,0.067,0.0316,0.012,0.0074,0,0.002,0,1880,0.777
0.5137,0.1591,0.0265,0.1809,0.067,0.0316,0.012,0.0074,0,0.002,0,1850,0.628
0.5137,0.1591,0.0265,0.1809,0.067,0.0316,0.012,0.0074,0,0.002,0,1825,0.473
0.5137,0.1591,0.0265,0.1809,0.067,0.0316,0.012,0.0074,0,0.002,0,1771,0.258
0.5137,0.1591,0.0265,0.1809,0.067,0.0316,0.012,0.0074,0,0.002,0,1747,0.143
0.5137,0.1591,0.0265,0.1809,0.067,0.0316,0.012,0.0074,0,0.002,0,1721,0.049
0.5137,0.1591,0.0265,0.1809,0.067,0.0316,0.012,0.0074,0,0.002,0,1695,0.088
0.5137,0.1591,0.0265,0.1809,0.067,0.0316,0.012,0.0074,0,0.002,0,1674,0.202
0.5137,0.1591,0.0265,0.1809,0.067,0.0316,0.012,0.0074,0,0.002,0,1649,0.32
0.5137,0.1591,0.0265,0.1809,0.067,0.0316,0.012,0.0074,0,0.002,0,1618,0.503
0.4576,0.1435,0.039,0.2061,0.0933,0.032,0.0015,0.0094,0,0,0.0171,1517,2.257
0.4576,0.1435,0.039,0.2061,0.0933,0.032,0.0015,0.0094,0,0,0.0171,1534,2.093
0.4576,0.1435,0.039,0.2061,0.0933,0.032,0.0015,0.0094,0,0,0.0171,1548,1.934
0.4576,0.1435,0.039,0.2061,0.0933,0.032,0.0015,0.0094,0,0,0.0171,1575,1.563
0.4576,0.1435,0.039,0.2061,0.0933,0.032,0.0015,0.0094,0,0,0.0171,1579,1.51
0.4576,0.1435,0.039,0.2061,0.0933,0.032,0.0015,0.0094,0,0,0.0171,1593,1.2
0.4576,0.1435,0.039,0.2061,0.0933,0.032,0.0015,0.0094,0,0,0.0171,1607,1.058
0.4576,0.1435,0.039,0.2061,0.0933,0.032,0.0015,0.0094,0,0,0.0171,1613,1.138
0.4576,0.1435,0.039,0.2061,0.0933,0.032,0.0015,0.0094,0,0,0.0171,1624,1.002
0.4576,0.1435,0.039,0.2061,0.0933,0.032,0.0015,0.0094,0,0,0.0171,1640,0.92
0.4576,0.1435,0.039,0.2061,0.0933,0.032,0.0015,0.0094,0,0,0.0171,1677,0.752
0.4376,0.09,0.012,0.2842,0.1262,0.037,0.0007,0.0109,0,0,0.0015,1445,2.379
0.4376,0.09,0.012,0.2842,0.1262,0.037,0.0007,0.0109,0,0,0.0015,1453,1.884
0.4376,0.09,0.012,0.2842,0.1262,0.037,0.0007,0.0109,0,0,0.0015,1456,1.475
0.4376,0.09,0.012,0.2842,0.1262,0.037,0.0007,0.0109,0,0,0.0015,1483,1.117
0.4376,0.09,0.012,0.2842,0.1262,0.037,0.0007,0.0109,0,0,0.0015,1554,0.735
0.4376,0.09,0.012,0.2842,0.1262,0.037,0.0007,0.0109,0,0,0.0015,1565,0.659
0.4376,0.09,0.012,0.2842,0.1262,0.037,0.0007,0.0109,0,0,0.0015,1579,0.605
0.4376,0.09,0.012,0.2842,0.1262,0.037,0.0007,0.0109,0,0,0.0015,1593,0.547
0.4376,0.09,0.012,0.2842,0.1262,0.037,0.0007,0.0109,0,0,0.0015,1607,0.48
0.428,0.1314,0.0273,0.2233,0.0698,0.0929,0.0021,0.0176,0,0,0.0075,1426,2.434
0.428,0.1314,0.0273,0.2233,0.0698,0.0929,0.0021,0.0176,0,0,0.0075,1429,2.329
0.428,0.1314,0.0273,0.2233,0.0698,0.0929,0.0021,0.0176,0,0,0.0075,1431,2.033
0.428,0.1314,0.0273,0.2233,0.0698,0.0929,0.0021,0.0176,0,0,0.0075,1444,1.502
0.428,0.1314,0.0273,0.2233,0.0698,0.0929,0.0021,0.0176,0,0,0.0075,1487,1.163
0.428,0.1314,0.0273,0.2233,0.0698,0.0929,0.0021,0.0176,0,0,0.0075,1506,1.021
0.428,0.1314,0.0273,0.2233,0.0698,0.0929,0.0021,0.0176,0,0,0.0075,1528,0.86
0.428,0.1314,0.0273,0.2233,0.0698,0.0929,0.0021,0.0176,0,0,0.0075,1554,0.728
0.4219,0.0967,0.0106,0.3273,0.1038,0.0201,0.002,0.0156,0,0,0.0016,1437,2.336
0.4219,0.0967,0.0106,0.3273,0.1038,0.0201,0.002,0.0156,0,0,0.0016,1445,1.798
0.4219,0.0967,0.0106,0.3273,0.1038,0.0201,0.002,0.0156,0,0,0.0016,1453,1.433
0.4219,0.0967,0.0106,0.3273,0.1038,0.0201,0.002,0.0156,0,0,0.0016,1470,1.217
0.4219,0.0967,0.0106,0.3273,0.1038,0.0201,0.002,0.0156,0,0,0.0016,1495,1.064
0.4219,0.0967,0.0106,0.3273,0.1038,0.0201,0.002,0.0156,0,0,0.0016,1540,0.757
0.4219,0.0967,0.0106,0.3273,0.1038,0.0201,0.002,0.0156,0,0,0.0016,1551,0.673
0.4219,0.0967,0.0106,0.3273,0.1038,0.0201,0.002,0.0156,0,0,0.0016,1567,0.558
0.4219,0.0967,0.0106,0.3273,0.1038,0.0201,0.002,0.0156,0,0,0.0016,1585,0.446
0.8381,0.0524,0.0078,0.0579,0.0237,0.0054,0.0102,0.0044,0,0,0,1626,2.571
0.8381,0.0524,0.0078,0.0579,0.0237,0.0054,0.0102,0.0044,0,0,0,1583,2.782
0.8381,0.0524,0.0078,0.0579,0.0237,0.0054,0.0102,0.0044,0,0,0,1524,3.171
0.8381,0.0524,0.0078,0.0579,0.0237,0.0054,0.0102,0.0044,0,0,0,1485,3.437
0.8381,0.0524,0.0078,0.0579,0.0237,0.0054,0.0102,0.0044,0,0,0,1422,3.936
0.8246,0.0943,0.0047,0.0071,0.0146,0.0261,0.0262,0.0023,0,0,0,1805,3.168
0.8246,0.0943,0.0047,0.0071,0.0146,0.0261,0.0262,0.0023,0,0,0,1763,3.294
0.8246,0.0943,0.0047,0.0071,0.0146,0.0261,0.0262,0.0023,0,0,0,1722,3.54
0.8246,0.0943,0.0047,0.0071,0.0146,0.0261,0.0262,0.0023,0,0,0,1682,3.798
0.8246,0.0943,0.0047,0.0071,0.0146,0.0261,0.0262,0.0023,0,0,0,1627,4.103
0.8246,0.0943,0.0047,0.0071,0.0146,0.0261,0.0262,0.0023,0,0,0,1579,4.444
0.8246,0.0943,0.0047,0.0071,0.0146,0.0261,0.0262,0.0023,0,0,0,1543,4.725
0.7978,0.0997,0.0133,0.0048,0.004,0.0508,0.0252,0.0044,0,0,0,1814,2.561
0.7978,0.0997,0.0133,0.0048,0.004,0.0508,0.0252,0.0044,0,0,0,1770,2.778
0.7978,0.0997,0.0133,0.0048,0.004,0.0508,0.0252,0.0044,0,0,0,1717,3.12
0.7978,0.0997,0.0133,0.0048,0.004,0.0508,0.0252,0.0044,0,0,0,1674,3.36
0.7978,0.0997,0.0133,0.0048,0.004,0.0508,0.0252,0.0044,0,0,0,1632,3.583
0.7978,0.0997,0.0133,0.0048,0.004,0.0508,0.0252,0.0044,0,0,0,1585,3.87
0.7978,0.0997,0.0133,0.0048,0.004,0.0508,0.0252,0.0044,0,0,0,1567,3.97
0.7978,0.0997,0.0133,0.0048,0.004,0.0508,0.0252,0.0044,0,0,0,1512,4.277
0.7611,0.1418,0.0056,0.0084,0.0173,0.0321,0.031,0.0027,0,0,0,1808,2.992
0.7611,0.1418,0.0056,0.0084,0.0173,0.0321,0.031,0.0027,0,0,0,1768,3.283
0.7611,0.1418,0.0056,0.0084,0.0173,0.0321,0.031,0.0027,0,0,0,1729,3.447
0.7611,0.1418,0.0056,0.0084,0.0173,0.0321,0.031,0.0027,0,0,0,1689,3.616
0.7611,0.1418,0.0056,0.0084,0.0173,0.0321,0.031,0.0027,0,0,0,1648,3.772
0.7436,0.1286,0.014,0.0094,0.0099,0.0563,0.0294,0.0088,0,0,0,1583,1.825
0.7436,0.1286,0.014,0.0094,0.0099,0.0563,0.0294,0.0088,0,0,0,1540,2.091
0.7436,0.1286,0.014,0.0094,0.0099,0.0563,0.0294,0.0088,0,0,0,1466,2.785
0.7436,0.1286,0.014,0.0094,0.0099,0.0563,0.0294,0.0088,0,0,0,1431,3.293
0.7436,0.1286,0.014,0.0094,0.0099,0.0563,0.0294,0.0088,0,0,0,1390,3.536
0.6484,0.1139,0.0198,0.0888,0.0694,0.0363,0.0102,0.0133,0,0,0,1961,2.82
0.6484,0.1139,0.0198,0.0888,0.0694,0.0363,0.0102,0.0133,0,0,0,1944,2.87
0.6484,0.1139,0.0198,0.0888,0.0694,0.0363,0.0102,0.0133,0,0,0,1904,3.142
0.6484,0.1139,0.0198,0.0888,0.0694,0.0363,0.0102,0.0133,0,0,0,1866,3.351
0.6484,0.1139,0.0198,0.0888,0.0694,0.0363,0.0102,0.0133,0,0,0,1844,3.395
0.6484,0.1139,0.0198,0.0888,0.0694,0.0363,0.0102,0.0133,0,0,0,1808,3.607
0.6484,0.1139,0.0198,0.0888,0.0694,0.0363,0.0102,0.0133,0,0,0,1761,3.897
0.7924,0.1041,0.0572,0.0036,0.0161,0.0104,0.0069,0.0043,0,0.0013,0.0035,1973,1
0.7924,0.1041,0.0572,0.0036,0.0161,0.0104,0.0069,0.0043,0,0.0013,0.0035,1773,2
0.7924,0.1041,0.0572,0.0036,0.0161,0.0104,0.0069,0.0043,0,0.0013,0.0035,1613,3
0.7924,0.1041,0.0572,0.0036,0.0161,0.0104,0.0069,0.0043,0,0.0013,0.0035,1468,4
0.7924,0.1041,0.0572,0.0036,0.0161,0.0104,0.0069,0.0043,0,0.0013,0.0035,1343,5
0.7924,0.1041,0.0572,0.0036,0.0161,0.0104,0.0069,0.0043,0,0.0013,0.0035,1253,6
0.7924,0.1041,0.0572,0.0036,0.0161,0.0104,0.0069,0.0043,0,0.0013,0.0035,1198,7
0.7924,0.1041,0.0572,0.0036,0.0161,0.0104,0.0069,0.0043,0,0.0013,0.0035,1153,8
0.6153,0.2159,0.0557,0.0443,0.0236,0.0063,0.0155,0.0109,0,0.0005,0.012,1773,1
0.6153,0.2159,0.0557,0.0443,0.0236,0.0063,0.0155,0.0109,0,0.0005,0.012,1433,5
0.5587,0.2045,0.0534,0.0611,0.0108,0.0133,0.0038,0.0175,0,0.0051,0.0718,1713,1
0.5587,0.2045,0.0534,0.0611,0.0108,0.0133,0.0038,0.0175,0,0.0051,0.0718,1323,4
0.5587,0.2045,0.0534,0.0611,0.0108,0.0133,0.0038,0.0175,0,0.0051,0.0718,1243,5
0.5587,0.2045,0.0534,0.0611,0.0108,0.0133,0.0038,0.0175,0,0.0051,0.0718,1173,6
0.5587,0.2045,0.0534,0.0611,0.0108,0.0133,0.0038,0.0175,0,0.0051,0.0718,1133,7
0.5587,0.2045,0.0534,0.0611,0.0108,0.0133,0.0038,0.0175,0,0.0051,0.0718,1093,8
0.547,0.1646,0.0315,0.0859,0.0445,0.0523,0.0073,0.0168,0,0.003,0.0471,1738,1
0.547,0.1646,0.0315,0.0859,0.0445,0.0523,0.0073,0.0168,0,0.003,0.0471,1538,2
0.547,0.1646,0.0315,0.0859,0.0445,0.0523,0.0073,0.0168,0,0.003,0.0471,1413,3
0.547,0.1646,0.0315,0.0859,0.0445,0.0523,0.0073,0.0168,0,0.003,0.0471,1323,4
0.547,0.1646,0.0315,0.0859,0.0445,0.0523,0.0073,0.0168,0,0.003,0.0471,1253,5
0.547,0.1646,0.0315,0.0859,0.0445,0.0523,0.0073,0.0168,0,0.003,0.0471,1188,6
0.547,0.1646,0.0315,0.0859,0.0445,0.0523,0.0073,0.0168,0,0.003,0.0471,1133,7
0.547,0.1646,0.0315,0.0859,0.0445,0.0523,0.0073,0.0168,0,0.003,0.0471,1083,8
0.5374,0.2342,0.0289,0.0749,0.0395,0.0539,0.0112,0.0161,0,0.0037,0.0002,1723,1
0.5374,0.2342,0.0289,0.0749,0.0395,0.0539,0.0112,0.0161,0,0.0037,0.0002,1363,4
0.5374,0.2342,0.0289,0.0749,0.0395,0.0539,0.0112,0.0161,0,0.0037,0.0002,1248,5
0.5374,0.2342,0.0289,0.0749,0.0395,0.0539,0.0112,0.0161,0,0.0037,0.0002,1163,6
0.5374,0.2342,0.0289,0.0749,0.0395,0.0539,0.0112,0.0161,0,0.0037,0.0002,1093,7
0.5374,0.2342,0.0289,0.0749,0.0395,0.0539,0.0112,0.0161,0,0.0037,0.0002,1048,8
0.536,0.1789,0.0436,0.1545,0.0431,0.0039,0.0041,0.0105,0,0.0051,0.0203,1658,1
0.536,0.1789,0.0436,0.1545,0.0431,0.0039,0.0041,0.0105,0,0.0051,0.0203,1518,2
0.536,0.1789,0.0436,0.1545,0.0431,0.0039,0.0041,0.0105,0,0.0051,0.0203,1413,3
0.536,0.1789,0.0436,0.1545,0.0431,0.0039,0.0041,0.0105,0,0.0051,0.0203,1323,4
0.536,0.1789,0.0436,0.1545,0.0431,0.0039,0.0041,0.0105,0,0.0051,0.0203,1253,5
0.536,0.1789,0.0436,0.1545,0.0431,0.0039,0.0041,0.0105,0,0.0051,0.0203,1188,6
0.536,0.1789,0.0436,0.1545,0.0431,0.0039,0.0041,0.0105,0,0.0051,0.0203,1128,7
0.536,0.1789,0.0436,0.1545,0.0431,0.0039,0.0041,0.0105,0,0.0051,0.0203,1073,8
0.4976,0.2405,0.0597,0.0439,0.0669,0.0339,0.0047,0.0181,0,0.0054,0.0293,1718,1
0.4976,0.2405,0.0597,0.0439,0.0669,0.0339,0.0047,0.0181,0,0.0054,0.0293,1568,2
0.4976,0.2405,0.0597,0.0439,0.0669,0.0339,0.0047,0.0181,0,0.0054,0.0293,1448,3
0.4976,0.2405,0.0597,0.0439,0.0669,0.0339,0.0047,0.0181,0,0.0054,0.0293,1353,4
0.4976,0.2405,0.0597,0.0439,0.0669,0.0339,0.0047,0.0181,0,0.0054,0.0293,1263,5
0.4976,0.2405,0.0597,0.0439,0.0669,0.0339,0.0047,0.0181,0,0.0054,0.0293,1203,6
0.4976,0.2405,0.0597,0.0439,0.0669,0.0339,0.0047,0.0181,0,0.0054,0.0293,1153,7
0.4288,0.1849,0.0508,0.0981,0.0335,0.0602,0.0019,0.018,0,0.0074,0.1163,1613,1
0.4288,0.1849,0.0508,0.0981,0.0335,0.0602,0.0019,0.018,0,0.0074,0.1163,1478,2
0.4288,0.1849,0.0508,0.0981,0.0335,0.0602,0.0019,0.018,0,0.0074,0.1163,1353,3
0.4288,0.1849,0.0508,0.0981,0.0335,0.0602,0.0019,0.018,0,0.0074,0.1163,1263,4
0.4288,0.1849,0.0508,0.0981,0.0335,0.0602,0.0019,0.018,0,0.0074,0.1163,1183,5
0.4288,0.1849,0.0508,0.0981,0.0335,0.0602,0.0019,0.018,0,0.0074,0.1163,1118,6
0.4288,0.1849,0.0508,0.0981,0.0335,0.0602,0.0019,0.018,0,0.0074,0.1163,1073,7
0.4288,0.1849,0.0508,0.0981,0.0335,0.0602,0.0019,0.018,0,0.0074,0.1163,1038,8
0.6203,0.1685,0.0299,0.0493,0.037,0.0336,0.0138,0.0153,0,0.0047,0.0276,1873,1
0.6203,0.1685,0.0299,0.0493,0.037,0.0336,0.0138,0.0153,0,0.0047,0.0276,1638,2
0.6203,0.1685,0.0299,0.0493,0.037,0.0336,0.0138,0.0153,0,0.0047,0.0276,1493,3
0.6203,0.1685,0.0299,0.0493,0.037,0.0336,0.0138,0.0153,0,0.0047,0.0276,1373,4
0.6203,0.1685,0.0299,0.0493,0.037,0.0336,0.0138,0.0153,0,0.0047,0.0276,1308,5
0.6203,0.1685,0.0299,0.0493,0.037,0.0336,0.0138,0.0153,0,0.0047,0.0276,1203,6
0.6203,0.1685,0.0299,0.0493,0.037,0.0336,0.0138,0.0153,0,0.0047,0.0276,1143,7
0.6203,0.1685,0.0299,0.0493,0.037,0.0336,0.0138,0.0153,0,0.0047,0.0276,1108,8